"","sesID","sesType","sesPart1Len","sesPart2Len","unlockingTime"
"1",2,"USES",11833,14731,2.898
"2",4,"USES",323175,325213,2.038
"3",6,"USES",481554,483301,1.747
"4",8,"USES",35527,37939,2.412
"5",10,"USES",257556,260469,2.913
"6",12,"USES",128924,130952,2.028
"7",14,"USES",125221,127058,1.837
"8",16,"USES",4843,7962,3.119
"9",18,"USES",2584,4861,2.277
"10",20,"USES",87630,89331,1.701
"11",22,"USES",128428,130071,1.643
"12",24,"USES",78685,80657,1.972
"13",27,"USES",189230,191047,1.817
"14",30,"USES",150067,152092,2.025
"15",34,"USES",26417,28343,1.926
"16",36,"USES",26747,28748,2.001
"17",38,"USES",27669,32937,5.268
"18",40,"USES",50087,51940,1.853
"19",43,"USES",238650,241243,2.593
"20",45,"USES",37824,46238,8.414
"21",48,"USES",93767,100602,6.835
"22",50,"USES",71507,73670,2.163
"23",52,"USES",67910,69835,1.925
"24",54,"USES",71496,73621,2.125
"25",56,"USES",73823,75954,2.131
"26",60,"USES",3559,5285,1.726
"27",62,"USES",62852,65214,2.362
"28",64,"USES",11063,14695,3.632
"29",66,"USES",12162,15293,3.131
"30",70,"USES",39774,41853,2.079
"31",75,"USES",63560,66872,3.312
"32",77,"USES",99305,101704,2.399
"33",80,"USES",8657,10793,2.136
"34",83,"USES",7084,9699,2.615
"35",87,"USES",70074,72095,2.021
"36",89,"USES",78909,80989,2.08
"37",91,"USES",88817,90959,2.142
"38",93,"USES",7282,9501,2.219
"39",95,"USES",21820,24046,2.226
"40",97,"USES",5792,8612,2.82
"41",102,"USES",31465,33554,2.089
"42",104,"USES",17379,19129,1.75
"43",107,"USES",139124,140629,1.505
"44",110,"USES",23607,25479,1.872
"45",112,"USES",52387,54095,1.708
"46",114,"USES",37089,40418,3.329
"47",116,"USES",41133,44548,3.415
"48",118,"USES",12663,14822,2.159
"49",120,"USES",42724,45189,2.465
"50",122,"USES",13519,15574,2.055
"51",126,"USES",39781,53304,13.523
"52",128,"USES",43156,45052,1.896
"53",131,"USES",19289,21777,2.488
"54",134,"USES",210109,212161,2.052
"55",136,"USES",7553,17244,9.691
"56",138,"USES",9185,11111,1.926
"57",141,"USES",33724,35367,1.643
"58",143,"USES",4284,5786,1.502
"59",145,"USES",229558,231583,2.025
"60",147,"USES",31333,32991,1.658
"61",149,"USES",25532,28755,3.223
"62",151,"USES",134305,136791,2.486
"63",154,"USES",9053,11091,2.038
"64",156,"USES",5765,13949,8.184
"65",160,"USES",7446,9474,2.028
"66",162,"USES",13847,17300,3.453
"67",164,"USES",6882,8691,1.809
"68",166,"USES",119896,121806,1.91
"69",170,"USES",179680,181678,1.998
"70",172,"USES",290910,292846,1.936
"71",174,"USES",44866,46495,1.629
"72",176,"USES",15735,17296,1.561
"73",178,"USES",97128,99141,2.013
"74",180,"USES",22172,24131,1.959
"75",182,"USES",74301,76435,2.134
"76",184,"USES",53912,55938,2.026
"77",186,"USES",92850,94702,1.852
"78",188,"USES",22342,23897,1.555
"79",190,"USES",70074,71622,1.548
"80",192,"USES",14973,19054,4.081
"81",199,"USES",236010,265324,29.314
"82",203,"USES",46868,49010,2.142
"83",205,"USES",94677,97084,2.407
"84",209,"USES",62637,64634,1.997
"85",212,"USES",102917,104477,1.56
"86",216,"USES",156835,159505,2.67
"87",218,"USES",12356,19583,7.227
"88",221,"USES",30098,31836,1.738
"89",223,"USES",8083,10152,2.069
"90",225,"USES",68271,70115,1.844
"91",227,"USES",19737,25184,5.447
"92",229,"USES",10647,12477,1.83
"93",233,"USES",38860,40210,1.35
"94",235,"USES",8108,13391,5.283
"95",241,"USES",61940,67600,5.66
"96",245,"USES",15406,17256,1.85
"97",249,"USES",16326,18101,1.775
"98",251,"USES",31954,33803,1.849
"99",253,"USES",4706,6848,2.142
"100",255,"USES",59234,61023,1.789
"101",257,"USES",67204,69279,2.075
"102",259,"USES",208278,210112,1.834
"103",262,"USES",66301,68229,1.928
"104",269,"USES",79212,80856,1.644
"105",271,"USES",26588,28256,1.668
"106",273,"USES",45175,49156,3.981
"107",275,"USES",41842,44160,2.318
"108",278,"USES",22155,24143,1.988
"109",281,"USES",59249,61232,1.983
"110",284,"USES",6664,12070,5.406
"111",288,"USES",5101,7293,2.192
"112",290,"USES",13047,14841,1.794
"113",294,"USES",57299,59463,2.164
"114",296,"USES",148949,151065,2.116
"115",299,"USES",5456,8667,3.211
"116",301,"USES",28077,32016,3.939
"117",303,"USES",97097,99117,2.02
"118",307,"USES",59894,65278,5.384
"119",309,"USES",5790,7626,1.836
"120",311,"USES",181083,183621,2.538
"121",313,"USES",14141,15876,1.735
"122",317,"USES",69000,70893,1.893
"123",319,"USES",64542,67759,3.217
"124",321,"USES",213593,215547,1.954
"125",325,"USES",91094,92619,1.525
"126",327,"USES",93435,94926,1.491
"127",329,"USES",19386,21572,2.186
"128",331,"USES",30636,32667,2.031
"129",333,"USES",38761,40493,1.732
"130",335,"USES",43485,45619,2.134
"131",337,"USES",13767,15594,1.827
"132",339,"USES",199906,201525,1.619
"133",341,"USES",30519,32311,1.792
"134",343,"USES",59450,60959,1.509
"135",345,"USES",142233,144822,2.589
"136",347,"USES",113305,115399,2.094
"137",349,"USES",92278,94396,2.118
"138",352,"USES",7137,11951,4.814
"139",354,"USES",21834,23584,1.75
"140",356,"USES",7547,10721,3.174
"141",358,"USES",193175,194834,1.659
"142",361,"USES",9288,11094,1.806
"143",364,"USES",25676,29397,3.721
"144",367,"USES",8435,10588,2.153
"145",370,"USES",7603,9964,2.361
"146",373,"USES",114578,116569,1.991
"147",375,"USES",39867,41601,1.734
"148",377,"USES",12335,13931,1.596
"149",379,"USES",19625,21134,1.509
"150",381,"USES",32140,34410,2.27
"151",383,"USES",6439,7792,1.353
"152",385,"USES",56886,58242,1.356
"153",387,"USES",4655,6113,1.458
"154",389,"USES",71806,73448,1.642
"155",391,"USES",72039,73484,1.445
"156",393,"USES",33985,35919,1.934
"157",395,"USES",62940,67418,4.478
"158",399,"USES",60977,62867,1.89
"159",401,"USES",111920,113772,1.852
"160",403,"USES",139332,141152,1.82
"161",405,"USES",17657,21036,3.379
"162",408,"USES",127732,130241,2.509
"163",410,"USES",8645,10668,2.023
"164",412,"USES",26998,28974,1.976
"165",414,"USES",72878,74806,1.928
"166",416,"USES",5593,8184,2.591
"167",418,"USES",195050,196749,1.699
"168",420,"USES",31482,32844,1.362
"169",423,"USES",10003,11523,1.52
"170",425,"USES",18529,20370,1.841
"171",427,"USES",30226,32081,1.855
"172",429,"USES",28421,30521,2.1
"173",432,"USES",4731,6342,1.611
"174",434,"USES",8142,10099,1.957
"175",437,"USES",171984,174510,2.526
"176",439,"USES",13081,14893,1.812
"177",441,"USES",5032,7060,2.028
"178",443,"USES",16227,18200,1.973
"179",446,"USES",16486,17805,1.319
"180",448,"USES",8492,9954,1.462
"181",450,"USES",15954,17575,1.621
"182",452,"USES",103217,104641,1.424
"183",454,"USES",46327,48024,1.697
"184",456,"USES",60506,62883,2.377
"185",461,"USES",128529,130224,1.695
"186",465,"USES",21862,23213,1.351
"187",467,"USES",20115,21454,1.339
"188",472,"USES",127589,128974,1.385
"189",475,"USES",31287,32702,1.415
"190",478,"USES",64781,66492,1.711
"191",480,"USES",49853,52101,2.248
"192",482,"USES",26414,28179,1.765
"193",485,"USES",117839,120288,2.449
"194",490,"USES",32706,35113,2.407
"195",493,"USES",19643,21778,2.135
"196",496,"USES",10577,12684,2.107
"197",499,"USES",11253,12844,1.591
"198",501,"USES",4511,7699,3.188
"199",503,"USES",28081,29492,1.411
"200",505,"USES",34415,36352,1.937
"201",507,"USES",29485,31261,1.776
"202",509,"USES",26325,29484,3.159
"203",511,"USES",27771,29619,1.848
"204",513,"USES",16032,17575,1.543
"205",515,"USES",107809,109861,2.052
"206",517,"USES",46155,49951,3.796
"207",520,"USES",78881,81317,2.436
"208",522,"USES",18983,23103,4.12
"209",524,"USES",24292,26663,2.371
"210",528,"USES",82302,84410,2.108
"211",530,"USES",6303,8101,1.798
"212",532,"USES",79577,81608,2.031
"213",534,"USES",10747,12890,2.143
"214",536,"USES",3858,5380,1.522
"215",538,"USES",15129,17126,1.997
"216",540,"USES",19065,22429,3.364
"217",543,"USES",18225,19866,1.641
"218",545,"USES",5418,8412,2.994
"219",548,"USES",39149,40683,1.534
"220",550,"USES",32767,34564,1.797
"221",552,"USES",3548,5032,1.484
"222",554,"USES",6095,9512,3.417
"223",556,"USES",118573,121601,3.028
"224",558,"USES",155701,158435,2.734
"225",561,"USES",56483,58823,2.34
"226",565,"USES",161089,162621,1.532
"227",567,"USES",10446,11842,1.396
"228",569,"USES",38661,39872,1.211
"229",573,"USES",78432,79920,1.488
"230",575,"USES",151949,153431,1.482
"231",578,"USES",50915,53088,2.173
"232",580,"USES",30272,32040,1.768
"233",582,"USES",28251,29925,1.674
"234",585,"USES",3023,4957,1.934
"235",587,"USES",171854,176362,4.508
"236",589,"USES",225722,227463,1.741
"237",593,"USES",35152,36752,1.6
"238",595,"USES",15166,18101,2.935
"239",597,"USES",39051,40965,1.914
"240",599,"USES",237864,239594,1.73
"241",601,"USES",101121,102440,1.319
"242",603,"USES",18204,20367,2.163
"243",605,"USES",182431,184004,1.573
"244",608,"USES",29251,30958,1.707
"245",611,"USES",39248,45851,6.603
"246",614,"USES",50065,52533,2.468
"247",618,"USES",31282,33331,2.049
"248",621,"USES",23223,25177,1.954
"249",623,"USES",170075,171933,1.858
"250",625,"USES",5832,8593,2.761
"251",627,"USES",22199,33382,11.183
"252",630,"USES",18531,23587,5.056
"253",634,"USES",114492,117072,2.58
"254",636,"USES",10537,12673,2.136
"255",639,"USES",23699,25635,1.936
"256",642,"USES",28941,31076,2.135
"257",644,"USES",20779,22684,1.905
"258",646,"USES",165227,166927,1.7
"259",648,"USES",28668,31401,2.733
"260",651,"USES",117781,120230,2.449
"261",653,"USES",33760,37379,3.619
"262",657,"USES",145989,148543,2.554
"263",659,"USES",4396,6797,2.401
"264",662,"USES",39858,41976,2.118
"265",664,"USES",5266,7074,1.808
"266",667,"USES",139414,141412,1.998
"267",669,"USES",12746,14653,1.907
"268",674,"USES",7374,9015,1.641
"269",676,"USES",9301,30391,21.09
"270",680,"USES",20570,22285,1.715
"271",682,"USES",51524,53785,2.261
"272",684,"USES",123179,125411,2.232
"273",686,"USES",9900,13363,3.463
"274",688,"USES",55363,57204,1.841
"275",691,"USES",97153,99013,1.86
"276",694,"USES",5209,10954,5.745
"277",697,"USES",13486,15670,2.184
"278",700,"USES",5351,25158,19.807
"279",704,"USES",11138,18892,7.754
"280",707,"USES",10663,12406,1.743
"281",709,"USES",15969,19088,3.119
"282",711,"USES",21958,24090,2.132
"283",713,"USES",10747,13335,2.588
"284",715,"USES",67944,69369,1.425
"285",717,"USES",19737,25459,5.722
"286",719,"USES",4638,6452,1.814
"287",721,"USES",2773,7101,4.328
"288",724,"USES",14562,17522,2.96
"289",728,"USES",39976,41593,1.617
"290",730,"USES",24322,39628,15.306
"291",732,"USES",91751,93553,1.802
"292",735,"USES",29927,31793,1.866
"293",737,"USES",222636,224596,1.96
"294",739,"USES",223428,225319,1.891
"295",742,"USES",7752,10000,2.248
"296",744,"USES",6394,8842,2.448
"297",748,"USES",9659,11850,2.191
"298",751,"USES",121382,123109,1.727
"299",759,"USES",23608,25722,2.114
"300",761,"USES",11419,13044,1.625
"301",765,"USES",9533,11412,1.879
"302",768,"USES",10165,11937,1.772
"303",770,"USES",9349,20249,10.9
"304",772,"USES",28163,29775,1.612
"305",774,"USES",34092,35688,1.596
"306",776,"USES",4601,6786,2.185
"307",778,"USES",25491,27911,2.42
"308",783,"USES",29072,31164,2.092
"309",785,"USES",116632,118169,1.537
"310",787,"USES",177303,179683,2.38
"311",789,"USES",98357,101825,3.468
"312",791,"USES",6960,9278,2.318
"313",794,"USES",112428,114831,2.403
"314",797,"USES",133469,135346,1.877
"315",799,"USES",286833,288251,1.418
"316",801,"USES",101756,103251,1.495
"317",803,"USES",25936,27780,1.844
"318",805,"USES",329146,330785,1.639
"319",807,"USES",71781,73504,1.723
"320",809,"USES",7987,9682,1.695
"321",811,"USES",84564,86380,1.816
"322",813,"USES",39826,41370,1.544
"323",815,"USES",37009,39023,2.014
"324",817,"USES",44678,46263,1.585
"325",819,"USES",136089,137689,1.6
"326",823,"USES",70222,71831,1.609
"327",825,"USES",82030,83921,1.891
"328",827,"USES",94400,95830,1.43
"329",829,"USES",12607,16286,3.679
"330",831,"USES",76592,78209,1.617
"331",833,"USES",76221,77720,1.499
"332",835,"USES",43509,45459,1.95
"333",837,"USES",23373,25181,1.808
"334",839,"USES",15326,17385,2.059
"335",843,"USES",45781,47891,2.11
"336",846,"USES",18824,20456,1.632
"337",848,"USES",13572,15684,2.112
"338",850,"USES",27271,29094,1.823
"339",853,"USES",16405,18689,2.284
"340",855,"USES",15457,18136,2.679
"341",859,"USES",16508,18347,1.839
"342",861,"USES",13515,15137,1.622
"343",863,"USES",4302,5836,1.534
"344",865,"USES",134983,136311,1.328
"345",867,"USES",75801,86790,10.989
"346",872,"USES",361468,363458,1.99
"347",874,"USES",7574,10966,3.392
"348",878,"USES",8123,9664,1.541
"349",882,"USES",4924,7050,2.126
"350",884,"USES",70051,72337,2.286
"351",886,"USES",172547,177085,4.538
"352",888,"USES",106450,108462,2.012
"353",890,"USES",228193,229905,1.712
"354",892,"USES",22443,24167,1.724
"355",894,"USES",10951,12845,1.894
"356",896,"USES",3536,5504,1.968
"357",898,"USES",5782,7457,1.675
"358",900,"USES",3050,4782,1.732
"359",902,"USES",104063,108365,4.302
"360",904,"USES",7310,9465,2.155
"361",906,"USES",32424,33992,1.568
"362",908,"USES",131961,133996,2.035
"363",910,"USES",60578,62915,2.337
"364",912,"USES",11928,16089,4.161
"365",918,"USES",5596,7755,2.159
"366",920,"USES",73069,74692,1.623
"367",922,"USES",33589,35680,2.091
"368",925,"USES",31596,33403,1.807
"369",929,"USES",182384,184072,1.688
"370",932,"USES",31126,32643,1.517
"371",934,"USES",138068,141150,3.082
"372",936,"USES",51402,53019,1.617
"373",938,"USES",162298,164162,1.864
"374",940,"USES",4226,5869,1.643
"375",942,"USES",4703,8024,3.321
"376",944,"USES",7145,8826,1.681
"377",946,"USES",114469,119168,4.699
"378",948,"USES",28210,29779,1.569
"379",950,"USES",35479,37617,2.138
"380",952,"USES",17011,18508,1.497
"381",954,"USES",8051,15799,7.748
"382",958,"USES",19746,21290,1.544
"383",960,"USES",10708,12059,1.351
"384",962,"USES",221523,222917,1.394
"385",965,"USES",29120,31288,2.168
"386",967,"USES",27479,29342,1.863
"387",969,"USES",9217,12288,3.071
"388",972,"USES",15200,16927,1.727
"389",974,"USES",24712,26626,1.914
"390",976,"USES",6302,8888,2.586
"391",979,"USES",131321,133570,2.249
"392",982,"USES",129533,131173,1.64
"393",984,"USES",7796,11608,3.812
"394",987,"USES",20490,21933,1.443
"395",991,"USES",91715,93019,1.304
"396",993,"USES",94962,97145,2.183
"397",996,"USES",70088,71569,1.481
"398",998,"USES",111402,114159,2.757
"399",1000,"USES",17341,20370,3.029
"400",1003,"USES",98543,100707,2.164
"401",1005,"USES",256199,258466,2.267
"402",1007,"USES",4380,5983,1.603
"403",1010,"USES",22201,23860,1.659
"404",1012,"USES",77144,79816,2.672
"405",1014,"USES",191885,193220,1.335
"406",1016,"USES",8449,10044,1.595
"407",1018,"USES",20439,25346,4.907
"408",1020,"USES",6130,8145,2.015
"409",1022,"USES",28518,31538,3.02
"410",1024,"USES",93658,95084,1.426
"411",1026,"USES",33477,34998,1.521
"412",1028,"USES",22294,24105,1.811
"413",1030,"USES",32890,34081,1.191
"414",1032,"USES",3160,4659,1.499
"415",1034,"USES",8513,10663,2.15
"416",1036,"USES",43797,45264,1.467
"417",1038,"USES",196983,198266,1.283
"418",1040,"USES",128392,129839,1.447
"419",1042,"USES",66665,67852,1.187
"420",1045,"USES",24628,26835,2.207
"421",1047,"USES",32051,33399,1.348
"422",1049,"USES",101944,103503,1.559
"423",1051,"USES",16419,20034,3.615
"424",1053,"USES",3968,6339,2.371
"425",1055,"USES",23959,25393,1.434
"426",1058,"USES",4957,6592,1.635
"427",1061,"USES",9454,11249,1.795
"428",1063,"USES",147085,148411,1.326
"429",1065,"USES",9898,11396,1.498
"430",1067,"USES",52803,54197,1.394
"431",1069,"USES",4939,6510,1.571
"432",1071,"USES",4436,6364,1.928
"433",1073,"USES",77100,78431,1.331
"434",1075,"USES",16546,18134,1.588
"435",1077,"USES",17519,19171,1.652
"436",1079,"USES",5821,7590,1.769
"437",1081,"USES",3812,5815,2.003
"438",1083,"USES",10378,11677,1.299
"439",1085,"USES",46925,49118,2.193
"440",1087,"USES",25976,28479,2.503
"441",1090,"USES",256544,258509,1.965
"442",1092,"USES",62291,65802,3.511
"443",1094,"USES",77858,79790,1.932
"444",1097,"USES",37756,39438,1.682
"445",1099,"USES",32043,33634,1.591
"446",1101,"USES",9823,11644,1.821
"447",1104,"USES",20286,21828,1.542
"448",1108,"USES",9529,11359,1.83
"449",1112,"USES",5916,8648,2.732
"450",1116,"USES",11486,14651,3.165
"451",1118,"USES",8970,13136,4.166
"452",1121,"USES",294660,296439,1.779
"453",1123,"USES",14327,17804,3.477
"454",1125,"USES",53340,54921,1.581
"455",1127,"USES",3421,5022,1.601
"456",1129,"USES",62648,65014,2.366
"457",1132,"USES",93716,95117,1.401
"458",1134,"USES",121666,123153,1.487
"459",1136,"USES",22501,24381,1.88
"460",1139,"USES",12822,14603,1.781
"461",1142,"USES",32866,35835,2.969
"462",1144,"USES",4045,7905,3.86
"463",1147,"USES",52136,53655,1.519
"464",1149,"USES",37187,39285,2.098
"465",1151,"USES",37526,39011,1.485
"466",1153,"USES",41580,43252,1.672
"467",1156,"USES",17870,19376,1.506
"468",1158,"USES",479543,480833,1.29
"469",1161,"USES",70204,71832,1.628
"470",1163,"USES",13617,15362,1.745
"471",1165,"USES",89658,92795,3.137
"472",1168,"USES",4946,6957,2.011
"473",1173,"USES",13052,14303,1.251
"474",1175,"USES",111427,115756,4.329
"475",1177,"USES",41784,43641,1.857
"476",1179,"USES",60714,62160,1.446
"477",1182,"USES",10826,12641,1.815
"478",1187,"USES",23374,25010,1.636
"479",1189,"USES",6383,7853,1.47
"480",1191,"USES",21263,22893,1.63
"481",1194,"USES",28084,29550,1.466
"482",1197,"USES",30822,36296,5.474
"483",1199,"USES",126793,128330,1.537
"484",1202,"USES",8441,9947,1.506
"485",1204,"USES",42300,43825,1.525
"486",1206,"USES",3563,5766,2.203
"487",1208,"USES",36550,38748,2.198
"488",1210,"USES",20148,21736,1.588
"489",1212,"USES",52337,53874,1.537
"490",1214,"USES",6527,9711,3.184
"491",1216,"USES",5247,8535,3.288
"492",1218,"USES",46213,48827,2.614
"493",1222,"USES",65931,67412,1.481
"494",1224,"USES",66416,68959,2.543
"495",1226,"USES",6910,8772,1.862
"496",1229,"USES",6848,8964,2.116
"497",1231,"USES",7557,9455,1.898
"498",1234,"USES",13348,15111,1.763
"499",1239,"USES",40380,42140,1.76
"500",1243,"USES",37307,39383,2.076
"501",1247,"USES",9086,11025,1.939
"502",1251,"USES",12013,24992,12.979
"503",1253,"USES",5849,7518,1.669
"504",1257,"USES",99859,101491,1.632
"505",1259,"USES",79667,88406,8.739
"506",1261,"USES",23316,25049,1.733
"507",1265,"USES",11840,14116,2.276
"508",1268,"USES",99550,101162,1.612
"509",1270,"USES",89133,90617,1.484
"510",1273,"USES",8788,11012,2.224
"511",1275,"USES",3355,5086,1.731
"512",1277,"USES",6570,7996,1.426
"513",1279,"USES",6857,8409,1.552
"514",1281,"USES",25741,27213,1.472
"515",1283,"USES",3799,5212,1.413
"516",1285,"USES",176911,178487,1.576
"517",1287,"USES",45934,47463,1.529
"518",1289,"USES",7175,10099,2.924
"519",1291,"USES",141861,145669,3.808
"520",1293,"USES",142095,143953,1.858
"521",1296,"USES",168059,171558,3.499
"522",1300,"USES",33171,34547,1.376
"523",1303,"USES",53502,56084,2.582
"524",1305,"USES",13676,15678,2.002
"525",1307,"USES",11580,15284,3.704
"526",1309,"USES",54535,56276,1.741
"527",1312,"USES",4041,5483,1.442
"528",1314,"USES",171695,173375,1.68
"529",1316,"USES",53310,54714,1.404
"530",1318,"USES",20876,22464,1.588
"531",1320,"USES",19673,21293,1.62
"532",1322,"USES",20571,22548,1.977
"533",1327,"USES",37641,39043,1.402
"534",1329,"USES",39389,40834,1.445
"535",1331,"USES",33883,35359,1.476
"536",1334,"USES",125023,126565,1.542
"537",1339,"USES",38076,39665,1.589
"538",1342,"USES",45511,47145,1.634
"539",1344,"USES",4393,6277,1.884
"540",1346,"USES",110831,113228,2.397
"541",1348,"USES",61036,62712,1.676
"542",1350,"USES",97481,100263,2.782
"543",1352,"USES",25889,28333,2.444
"544",1355,"USES",7729,9849,2.12
"545",1358,"USES",10578,12462,1.884
"546",1361,"USES",8608,10443,1.835
"547",1364,"USES",33366,34667,1.301
"548",1366,"USES",10115,11533,1.418
"549",1368,"USES",114358,116008,1.65
"550",1370,"USES",7716,9619,1.903
"551",1372,"USES",4022,5348,1.326
"552",1374,"USES",12562,15766,3.204
"553",1377,"USES",303701,308449,4.748
"554",1381,"USES",16351,18793,2.442
"555",1383,"USES",4711,6708,1.997
"556",1386,"USES",103188,104721,1.533
"557",1388,"USES",151656,152988,1.332
"558",1390,"USES",11224,12752,1.528
"559",1392,"USES",18872,20321,1.449
"560",1394,"USES",33334,36285,2.951
"561",1396,"USES",5816,7342,1.526
"562",1398,"USES",50777,52506,1.729
"563",1400,"USES",4644,6092,1.448
"564",1402,"USES",16191,17611,1.42
"565",1405,"USES",6864,8749,1.885
"566",1407,"USES",10046,11446,1.4
"567",1409,"USES",238004,239535,1.531
"568",1411,"USES",6286,7739,1.453
"569",1413,"USES",28793,30265,1.472
"570",1415,"USES",11150,12704,1.554
"571",1418,"USES",71506,72815,1.309
"572",1420,"USES",17215,19115,1.9
"573",1422,"USES",3843,5255,1.412
"574",1426,"USES",3812,8913,5.101
"575",1430,"USES",42011,45574,3.563
"576",1432,"USES",44527,46141,1.614
"577",1434,"USES",7662,8992,1.33
"578",1437,"USES",111547,113006,1.459
"579",1439,"USES",14169,15482,1.313
"580",1441,"USES",108988,111312,2.324
"581",1443,"USES",15608,17044,1.436
"582",1445,"USES",44101,45624,1.523
"583",1447,"USES",47448,48917,1.469
"584",1449,"USES",114229,115602,1.373
"585",1452,"USES",49606,50876,1.27
"586",1454,"USES",123443,126199,2.756
"587",1456,"USES",3767,5893,2.126
"588",1458,"USES",27982,31992,4.01
"589",1460,"USES",467788,469367,1.579
"590",1464,"USES",41113,43212,2.099
"591",1466,"USES",26032,27524,1.492
"592",1468,"USES",25208,26776,1.568
"593",1470,"USES",30299,42428,12.129
"594",1472,"USES",3129,4229,1.1
"595",1475,"USES",22098,23327,1.229
"596",1478,"USES",34919,36044,1.125
"597",1480,"USES",5531,7263,1.732
"598",1483,"USES",26611,28785,2.174
"599",1485,"USES",72554,73898,1.344
"600",1487,"USES",219301,224451,5.15
"601",1489,"USES",42477,45951,3.474
"602",1491,"USES",23600,26128,2.528
"603",1495,"USES",6761,8432,1.671
"604",1497,"USES",85292,86901,1.609
"605",1499,"USES",188011,189602,1.591
"606",1502,"USES",31531,32832,1.301
"607",1504,"USES",10519,12251,1.732
"608",1507,"USES",3300,4911,1.611
"609",1510,"USES",202421,204531,2.11
"610",1514,"USES",118496,120570,2.074
"611",1517,"USES",71886,74468,2.582
"612",1521,"USES",78337,79816,1.479
"613",1523,"USES",22022,23686,1.664
"614",1526,"USES",11125,12789,1.664
"615",1530,"USES",13203,14772,1.569
"616",1532,"USES",26701,45472,18.771
"617",1535,"USES",69306,71332,2.026
"618",1537,"USES",59462,62134,2.672
"619",1539,"USES",141842,143593,1.751
"620",1542,"USES",18813,21348,2.535
"621",1544,"USES",2833,4158,1.325
"622",1546,"USES",13244,14837,1.593
"623",1548,"USES",16934,18421,1.487
"624",1550,"USES",22112,23563,1.451
"625",1552,"USES",15965,24534,8.569
"626",1554,"USES",79957,82598,2.641
"627",1557,"USES",29528,30928,1.4
"628",1560,"USES",5616,7573,1.957
"629",1569,"USES",124809,126593,1.784
"630",1571,"USES",95936,123815,27.879
"631",1573,"USES",12999,15101,2.102
"632",1575,"USES",273560,275847,2.287
"633",1577,"USES",128527,130684,2.157
"634",1579,"USES",41637,43307,1.67
"635",1581,"USES",34926,39103,4.177
"636",1586,"USES",20047,22171,2.124
"637",1588,"USES",87191,88483,1.292
"638",1590,"USES",42565,44359,1.794
"639",1592,"USES",6602,8608,2.006
"640",1594,"USES",99334,101241,1.907
"641",1596,"USES",5506,7330,1.824
"642",1598,"USES",14492,16623,2.131
"643",1600,"USES",26195,27706,1.511
"644",1602,"USES",149226,150631,1.405
"645",1604,"USES",31281,33329,2.048
"646",1607,"USES",124819,127174,2.355
"647",1609,"USES",106230,107836,1.606
"648",1612,"USES",9222,10761,1.539
"649",1614,"USES",19956,21582,1.626
"650",1616,"USES",10504,12539,2.035
"651",1618,"USES",2600,5968,3.368
"652",1620,"USES",27248,28540,1.292
"653",1622,"USES",18943,20865,1.922
"654",1624,"USES",5375,6905,1.53
"655",1626,"USES",149142,150492,1.35
"656",1628,"USES",94783,96371,1.588
"657",1630,"USES",143745,147413,3.668
"658",1632,"USES",108612,111728,3.116
"659",1634,"USES",43196,44904,1.708
"660",1636,"USES",103659,105446,1.787
"661",1638,"USES",36312,41350,5.038
"662",1641,"USES",46398,47684,1.286
"663",1643,"USES",7905,9623,1.718
"664",1645,"USES",24233,25605,1.372
"665",1647,"USES",4501,7055,2.554
"666",1649,"USES",91863,93620,1.757
"667",1652,"USES",8052,9891,1.839
"668",1654,"USES",16520,18440,1.92
"669",1656,"USES",45498,47102,1.604
"670",1658,"USES",12007,13511,1.504
"671",1660,"USES",15310,17046,1.736
"672",1662,"USES",4617,6386,1.769
"673",1664,"USES",33020,34817,1.797
"674",1666,"USES",214411,216227,1.816
"675",1668,"USES",105140,106715,1.575
"676",1670,"USES",14720,17320,2.6
"677",1672,"USES",17144,18526,1.382
"678",1675,"USES",39307,40629,1.322
"679",1677,"USES",6394,7738,1.344
"680",1680,"USES",16465,18108,1.643
"681",1682,"USES",108506,109927,1.421
"682",1684,"USES",18446,20060,1.614
"683",1686,"USES",32047,33698,1.651
"684",1689,"USES",79281,82606,3.325
"685",1691,"USES",5624,7449,1.825
"686",1693,"USES",113959,116477,2.518
"687",1695,"USES",155410,156794,1.384
"688",1698,"USES",29563,31668,2.105
"689",1702,"USES",99949,101585,1.636
"690",1704,"USES",29569,31167,1.598
"691",1706,"USES",47823,49490,1.667
"692",1710,"USES",130465,131882,1.417
"693",1713,"USES",49837,51118,1.281
"694",1715,"USES",32523,34030,1.507
"695",1717,"USES",10813,12549,1.736
"696",1719,"USES",37825,39257,1.432
"697",1722,"USES",33718,36914,3.196
"698",1724,"USES",15457,17949,2.492
"699",1726,"USES",20354,21761,1.407
"700",1728,"USES",24057,25591,1.534
"701",1730,"USES",10029,12579,2.55
"702",1732,"USES",3112,5845,2.733
"703",1735,"USES",33949,36182,2.233
"704",1737,"USES",47899,50397,2.498
"705",1740,"USES",32898,34564,1.666
"706",1742,"USES",32048,33651,1.603
"707",1744,"USES",6821,8618,1.797
"708",1746,"USES",78398,80164,1.766
"709",1748,"USES",5034,8605,3.571
"710",1750,"USES",7822,11767,3.945
"711",1752,"USES",4037,6245,2.208
"712",1754,"USES",2709,7035,4.326
"713",1756,"USES",29316,30753,1.437
"714",1758,"USES",67585,69110,1.525
"715",1760,"USES",3844,6056,2.212
"716",1762,"USES",26158,28076,1.918
"717",1764,"USES",7551,9478,1.927
"718",1766,"USES",116941,118620,1.679
"719",1768,"USES",10394,11826,1.432
"720",1770,"USES",180709,182748,2.039
"721",1773,"USES",155754,158457,2.703
"722",1775,"USES",3677,5525,1.848
"723",1777,"USES",40242,42322,2.08
"724",1780,"USES",22919,24682,1.763
"725",1782,"USES",5416,24768,19.352
"726",1785,"USES",5205,6841,1.636
"727",1787,"USES",209046,211780,2.734
"728",1789,"USES",11775,14079,2.304
"729",1791,"USES",34896,38833,3.937
"730",1793,"USES",46849,48773,1.924
"731",1795,"USES",36735,38887,2.152
"732",1797,"USES",28224,29674,1.45
"733",1799,"USES",227216,229640,2.424
"734",1801,"USES",121154,122542,1.388
"735",1803,"USES",23235,25159,1.924
"736",1805,"USES",37411,38810,1.399
"737",1808,"USES",242630,244527,1.897
"738",1812,"USES",34756,36685,1.929
"739",1814,"USES",27161,31194,4.033
"740",1816,"USES",7693,10129,2.436
"741",1818,"USES",23634,25523,1.889
"742",1820,"USES",11057,13227,2.17
"743",1824,"USES",45964,71875,25.911
"744",1826,"USES",40472,42733,2.261
"745",1828,"USES",140646,142405,1.759
"746",1830,"USES",37037,39153,2.116
"747",1833,"USES",8324,9649,1.325
"748",1836,"USES",25838,27338,1.5
"749",1838,"USES",70356,71777,1.421
"750",1841,"USES",11893,13454,1.561
"751",1844,"USES",49680,51056,1.376
"752",1846,"USES",79255,81947,2.692
"753",1848,"USES",17855,20684,2.829
"754",1850,"USES",182633,184551,1.918
"755",1852,"USES",236371,238108,1.737
"756",1855,"USES",6865,8347,1.482
"757",1857,"USES",30765,32443,1.678
"758",1860,"USES",37946,39774,1.828
"759",1862,"USES",13015,16784,3.769
"760",1864,"USES",29352,33591,4.239
"761",1866,"USES",34973,36921,1.948
"762",1869,"USES",39888,41231,1.343
"763",1872,"USES",2898,4354,1.456
"764",1875,"USES",11682,13385,1.703
"765",1877,"USES",3894,6217,2.323
"766",1880,"USES",34537,36046,1.509
"767",1882,"USES",6008,7768,1.76
"768",1884,"USES",8087,9681,1.594
"769",1886,"USES",21699,23357,1.658
"770",1888,"USES",8000,9575,1.575
"771",1890,"USES",48139,49855,1.716
"772",1893,"USES",5055,6858,1.803
"773",1895,"USES",8925,10378,1.453
"774",1897,"USES",8355,10319,1.964
"775",1899,"USES",52759,54178,1.419
"776",1901,"USES",4006,11026,7.02
"777",1903,"USES",7307,8775,1.468
"778",1905,"USES",238878,240741,1.863
"779",1907,"USES",184237,185904,1.667
"780",1910,"USES",48458,50800,2.342
"781",1912,"USES",78016,81130,3.114
"782",1914,"USES",5286,6896,1.61
"783",1917,"USES",9148,11487,2.339
"784",1919,"USES",7080,9176,2.096
"785",1921,"USES",64595,67758,3.163
"786",1923,"USES",119445,121237,1.792
"787",1925,"USES",82576,84423,1.847
"788",1927,"USES",13430,24107,10.677
"789",1929,"USES",121831,123199,1.368
"790",1931,"USES",29428,31354,1.926
"791",1933,"USES",13611,14883,1.272
"792",1936,"USES",4642,6230,1.588
"793",1938,"USES",28000,29428,1.428
"794",1940,"USES",4616,6058,1.442
"795",1943,"USES",105536,107060,1.524
"796",1945,"USES",23877,25608,1.731
"797",1947,"USES",15842,17490,1.648
"798",1949,"USES",5396,7136,1.74
"799",1951,"USES",31902,33470,1.568
"800",1953,"USES",51168,52498,1.33
"801",1955,"USES",152860,154402,1.542
"802",1957,"USES",20372,21952,1.58
"803",1960,"USES",36864,43968,7.104
"804",1964,"USES",10965,12584,1.619
"805",1966,"USES",7402,9011,1.609
"806",1968,"USES",30609,32535,1.926
"807",1970,"USES",41958,43701,1.743
"808",1972,"USES",51137,52698,1.561
"809",1974,"USES",54150,55525,1.375
"810",1976,"USES",125042,126622,1.58
"811",1978,"USES",39799,41437,1.638
"812",1980,"USES",70449,72998,2.549
"813",1984,"USES",8320,10768,2.448
"814",1986,"USES",45159,46580,1.421
"815",1988,"USES",3791,5442,1.651
"816",1990,"USES",7403,9006,1.603
"817",1993,"USES",55328,56679,1.351
"818",1995,"USES",142174,143553,1.379
"819",1997,"USES",158248,159725,1.477
"820",1999,"USES",14300,15697,1.397
"821",2001,"USES",29806,31189,1.383
"822",2003,"USES",100581,102810,2.229
"823",2005,"USES",20308,22059,1.751
"824",2008,"USES",159391,165269,5.878
"825",2010,"USES",340351,341713,1.362
"826",2012,"USES",121391,122851,1.46
"827",2014,"USES",53691,55401,1.71
"828",2016,"USES",18645,19901,1.256
"829",2021,"USES",38991,40320,1.329
"830",2026,"USES",11076,12773,1.697
"831",2028,"USES",40329,41837,1.508
"832",2030,"USES",107058,108562,1.504
"833",2033,"USES",32073,33802,1.729
"834",2035,"USES",86588,88168,1.58
"835",2038,"USES",115131,117511,2.38
"836",2040,"USES",5554,9014,3.46
"837",2043,"USES",24348,26043,1.695
"838",2046,"USES",80119,81355,1.236
"839",2048,"USES",39724,41158,1.434
"840",2051,"USES",493911,500975,7.064
"841",2055,"USES",131952,133564,1.612
"842",2057,"USES",12227,14254,2.027
"843",2059,"USES",20244,24504,4.26
"844",2062,"USES",17004,18641,1.637
"845",2064,"USES",19082,20509,1.427
"846",2066,"USES",9780,11405,1.625
"847",2068,"USES",27992,32098,4.106
"848",2070,"USES",79202,80820,1.618
"849",2072,"USES",4098,5600,1.502
"850",2076,"USES",50428,52335,1.907
"851",2078,"USES",113870,115676,1.806
"852",2081,"USES",195571,197236,1.665
"853",2083,"USES",9015,10517,1.502
"854",2085,"USES",23488,24963,1.475
"855",2087,"USES",37700,39490,1.79
"856",2089,"USES",5401,7528,2.127
"857",2091,"USES",91346,92773,1.427
"858",2093,"USES",34516,35845,1.329
"859",2095,"USES",44173,47593,3.42
"860",2097,"USES",52149,53736,1.587
"861",2100,"USES",7059,9393,2.334
"862",2102,"USES",73138,75131,1.993
"863",2104,"USES",13690,16713,3.023
"864",2106,"USES",17754,19168,1.414
"865",2108,"USES",6971,8373,1.402
"866",2115,"USES",11781,13912,2.131
"867",2117,"USES",7749,9219,1.47
"868",2119,"USES",26194,27644,1.45
"869",2121,"USES",13717,15070,1.353
"870",2123,"USES",18482,19911,1.429
"871",2125,"USES",27567,29359,1.792
"872",2127,"USES",13924,18081,4.157
"873",2132,"USES",19531,24391,4.86
"874",2134,"USES",52482,54732,2.25
"875",2136,"USES",158779,161272,2.493
"876",2138,"USES",29714,31124,1.41
"877",2141,"USES",366412,368147,1.735
"878",2143,"USES",36801,38455,1.654
"879",2145,"USES",41454,43090,1.636
"880",2147,"USES",208161,209824,1.663
"881",2150,"USES",21578,23138,1.56
"882",2152,"USES",12034,14104,2.07
"883",2154,"USES",73797,75406,1.609
"884",2156,"USES",11809,13458,1.649
"885",2159,"USES",44404,46042,1.638
"886",2161,"USES",18814,20393,1.579
"887",2163,"USES",32829,34730,1.901
"888",2167,"USES",69003,87526,18.523
"889",2169,"USES",25348,27803,2.455
"890",2171,"USES",180192,182305,2.113
"891",2175,"USES",74632,77177,2.545
"892",2177,"USES",15444,17555,2.111
"893",2179,"USES",378298,380395,2.097
"894",2181,"USES",145787,147658,1.871
"895",2183,"USES",12306,13838,1.532
"896",2185,"USES",9259,11410,2.151
"897",2187,"USES",25698,29285,3.587
"898",2189,"USES",16640,19896,3.256
"899",2191,"USES",10479,11787,1.308
"900",2193,"USES",22463,23724,1.261
"901",2195,"USES",12137,13406,1.269
"902",2197,"USES",52291,53828,1.537
"903",2199,"USES",37070,38411,1.341
"904",2201,"USES",43210,44824,1.614
"905",2203,"USES",288976,293528,4.552
"906",2205,"USES",35926,37832,1.906
"907",2207,"USES",66326,68364,2.038
"908",2209,"USES",120450,123009,2.559
"909",2212,"USES",3469,4975,1.506
"910",2214,"USES",9880,11442,1.562
"911",2216,"USES",10443,25099,14.656
"912",2218,"USES",40004,41443,1.439
"913",2220,"USES",30363,31815,1.452
"914",2222,"USES",60144,61507,1.363
"915",2224,"USES",4484,6154,1.67
"916",2226,"USES",146135,147401,1.266
"917",2228,"USES",222312,223622,1.31
"918",2230,"USES",35507,36949,1.442
"919",2232,"USES",24460,25588,1.128
"920",2235,"USES",33022,34515,1.493
"921",2239,"USES",89349,90755,1.406
"922",2241,"USES",72126,74156,2.03
"923",2244,"USES",39205,42356,3.151
"924",2247,"USES",113864,115752,1.888
"925",2250,"USES",45815,48286,2.471
"926",2252,"USES",30196,32776,2.58
"927",2255,"USES",5182,6592,1.41
"928",2257,"USES",4267,5759,1.492
"929",2259,"USES",97127,98546,1.419
"930",2261,"USES",254398,255823,1.425
"931",2263,"USES",16903,18551,1.648
"932",2265,"USES",15644,17274,1.63
"933",2267,"USES",3521,5232,1.711
"934",2270,"USES",7969,9285,1.316
"935",2272,"USES",13176,15051,1.875
"936",2278,"USES",9877,11285,1.408
"937",2280,"USES",42346,43671,1.325
"938",2283,"USES",27445,29193,1.748
"939",2292,"USES",76184,76184,0
"940",2294,"USES",37932,39514,1.582
"941",2296,"USES",8736,10198,1.462
"942",2298,"USES",20553,22069,1.516
"943",2301,"USES",54719,56300,1.581
"944",2305,"USES",66360,67845,1.485
"945",2308,"USES",9743,16398,6.655
"946",2310,"USES",4043,5482,1.439
"947",2312,"USES",74254,75653,1.399
"948",2314,"USES",13184,14677,1.493
"949",2318,"USES",128315,133758,5.443
"950",2320,"USES",41330,43274,1.944
"951",2322,"USES",13309,14722,1.413
"952",2324,"USES",9741,12171,2.43
"953",2326,"USES",130681,132157,1.476
"954",2329,"USES",44851,46553,1.702
"955",2331,"USES",4103,6483,2.38
"956",2333,"USES",103368,104910,1.542
"957",2335,"USES",43938,46719,2.781
"958",2337,"USES",14071,15515,1.444
"959",2339,"USES",38077,39770,1.693
"960",2341,"USES",146369,149353,2.984
"961",2343,"USES",21274,22992,1.718
"962",2345,"USES",9649,11351,1.702
"963",2347,"USES",21122,24407,3.285
"964",2349,"USES",111558,113001,1.443
"965",2351,"USES",63404,65340,1.936
"966",2353,"USES",6070,7494,1.424
"967",2355,"USES",20645,21878,1.233
"968",2357,"USES",17806,19126,1.32
"969",2359,"USES",51158,52531,1.373
"970",2363,"USES",10903,12747,1.844
"971",2365,"USES",27423,29277,1.854
"972",2367,"USES",80823,82556,1.733
"973",2370,"USES",34980,36795,1.815
"974",2372,"USES",42847,44450,1.603
"975",2375,"USES",27917,30362,2.445
"976",2377,"USES",51494,52912,1.418
"977",2379,"USES",29066,30621,1.555
"978",2381,"USES",265410,266589,1.179
"979",2383,"USES",16024,17241,1.217
"980",2385,"USES",244773,246162,1.389
"981",2387,"USES",52991,55687,2.696
"982",2389,"USES",9000,11768,2.768
"983",2391,"USES",97125,100043,2.918
"984",2393,"USES",7487,9299,1.812
"985",2395,"USES",59379,60812,1.433
"986",2397,"USES",10711,12927,2.216
"987",2399,"USES",13057,14667,1.61
"988",2402,"USES",242848,244837,1.989
"989",2404,"USES",82103,83465,1.362
"990",2406,"USES",13804,17747,3.943
"991",2409,"USES",7581,10084,2.503
"992",2412,"USES",10008,11834,1.826
"993",2415,"USES",4479,6254,1.775
"994",2417,"USES",6131,7599,1.468
"995",2419,"USES",16805,18457,1.652
"996",2421,"USES",16562,18282,1.72
"997",2423,"USES",14938,16146,1.208
"998",2425,"USES",8782,10022,1.24
"999",2427,"USES",3039,4875,1.836
"1000",2430,"USES",94587,96468,1.881
"1001",2432,"USES",147472,149366,1.894
"1002",2434,"USES",5248,7100,1.852
"1003",2436,"USES",9902,13171,3.269
"1004",2438,"USES",193747,195872,2.125
"1005",2440,"USES",5139,6660,1.521
"1006",2442,"USES",6525,7827,1.302
"1007",2444,"USES",72715,74455,1.74
"1008",2446,"USES",92896,94641,1.745
"1009",2448,"USES",27399,28851,1.452
"1010",2452,"USES",95507,97046,1.539
"1011",2454,"USES",15978,17248,1.27
"1012",2456,"USES",11034,12666,1.632
"1013",2459,"USES",5297,6475,1.178
"1014",2461,"USES",102499,104225,1.726
"1015",2463,"USES",3326,5202,1.876
"1016",2465,"USES",173723,183589,9.866
"1017",2467,"USES",184488,185971,1.483
"1018",2470,"USES",10551,12224,1.673
"1019",2472,"USES",2879,4281,1.402
"1020",2474,"USES",31034,33436,2.402
"1021",2477,"USES",18930,20175,1.245
"1022",2479,"USES",3946,5243,1.297
"1023",2481,"USES",19382,21134,1.752
"1024",2483,"USES",143905,145273,1.368
"1025",2486,"USES",121768,123461,1.693
"1026",2488,"USES",23738,25592,1.854
"1027",2490,"USES",33841,36036,2.195
"1028",2492,"USES",121554,123386,1.832
"1029",2494,"USES",121623,123029,1.406
"1030",2496,"USES",17710,19160,1.45
"1031",2499,"USES",89049,90791,1.742
"1032",2502,"USES",133042,134502,1.46
"1033",2506,"USES",6664,8982,2.318
"1034",2508,"USES",11722,14129,2.407
"1035",2510,"USES",188280,189813,1.533
"1036",2512,"USES",67449,70666,3.217
"1037",2516,"USES",12702,14836,2.134
"1038",2518,"USES",59505,62233,2.728
"1039",2520,"USES",10079,11460,1.381
"1040",2522,"USES",16843,19284,2.441
"1041",2524,"USES",31753,33042,1.289
"1042",2527,"USES",2842,4470,1.628
"1043",2529,"USES",31006,32840,1.834
"1044",2531,"USES",8355,12277,3.922
"1045",2533,"USES",7084,10151,3.067
"1046",2540,"USES",14277,17049,2.772
"1047",2542,"USES",48941,50401,1.46
"1048",2544,"USES",14751,17390,2.639
"1049",2547,"USES",42111,44133,2.022
"1050",2549,"USES",17313,22220,4.907
"1051",2551,"USES",5777,8738,2.961
"1052",2556,"USES",3973,5700,1.727
"1053",2558,"USES",25589,27052,1.463
"1054",2560,"USES",310300,311680,1.38
"1055",2562,"USES",682620,687312,4.692
"1056",2564,"USES",566362,570105,3.743
"1057",2566,"USES",140302,143257,2.955
"1058",2568,"USES",44206,45502,1.296
"1059",2570,"USES",18215,20783,2.568
"1060",2572,"USES",10214,12602,2.388
"1061",2575,"USES",29409,32463,3.054
"1062",2577,"USES",48668,51003,2.335
"1063",2580,"USES",53250,54765,1.515
"1064",2582,"USES",22130,25350,3.22
"1065",2584,"USES",6472,8272,1.8
"1066",2587,"USES",11200,12953,1.753
"1067",2589,"USES",3057,5063,2.006
"1068",2591,"USES",5962,8692,2.73
"1069",2595,"USES",7613,9288,1.675
"1070",2598,"USES",23410,25422,2.012
"1071",2600,"USES",8519,11892,3.373
"1072",2602,"USES",116200,117861,1.661
"1073",2604,"USES",15948,17992,2.044
"1074",2606,"USES",18150,20203,2.053
"1075",2608,"USES",28799,30415,1.616
"1076",2610,"USES",19352,21558,2.206
"1077",2612,"USES",9216,10886,1.67
"1078",2615,"USES",61151,63579,2.428
"1079",2617,"USES",12291,13823,1.532
"1080",2619,"USES",14974,16460,1.486
"1081",2622,"USES",11741,13051,1.31
"1082",2624,"USES",3948,5428,1.48
"1083",2626,"USES",6920,9120,2.2
"1084",2628,"USES",3830,5003,1.173
"1085",2630,"USES",3332,4616,1.284
"1086",2632,"USES",2169,3694,1.525
"1087",2634,"USES",3394,4834,1.44
"1088",2636,"USES",1714,3277,1.563
"1089",2638,"USES",14913,16524,1.611
"1090",2641,"USES",16535,18178,1.643
"1091",2643,"USES",23057,25942,2.885
"1092",2648,"USES",20496,21937,1.441
"1093",2650,"USES",140755,142232,1.477
"1094",2652,"USES",7142,10331,3.189
"1095",2654,"USES",19266,20792,1.526
"1096",2659,"USES",354162,356971,2.809
"1097",2661,"USES",221266,223383,2.117
"1098",2665,"USES",7463,9610,2.147
"1099",2667,"USES",124450,128941,4.491
"1100",2669,"USES",104727,106564,1.837
"1101",2673,"USES",65431,67385,1.954
"1102",2675,"USES",6996,9606,2.61
"1103",2679,"USES",126032,128086,2.054
"1104",2683,"USES",28814,32241,3.427
"1105",2685,"USES",24968,27109,2.141
"1106",2688,"USES",129997,134262,4.265
"1107",2690,"USES",193463,195411,1.948
"1108",2692,"USES",3951,6344,2.393
"1109",2695,"USES",9786,11043,1.257
"1110",2697,"USES",44384,45902,1.518
"1111",2699,"USES",4280,5738,1.458
"1112",2703,"USES",52787,54225,1.438
"1113",2705,"USES",3891,5966,2.075
"1114",2707,"USES",86829,88866,2.037
"1115",2709,"USES",13408,16263,2.855
"1116",2711,"USES",94418,95619,1.201
"1117",2713,"USES",110069,111510,1.441
"1118",2715,"USES",31426,33833,2.407
"1119",2717,"USES",184357,188713,4.356
"1120",2719,"USES",226726,229261,2.535
"1121",2721,"USES",20246,24510,4.264
"1122",2723,"USES",42615,44495,1.88
"1123",2726,"USES",18467,20635,2.168
"1124",2728,"USES",152241,153766,1.525
"1125",2730,"USES",37523,38696,1.173
"1126",2732,"USES",23199,25602,2.403
"1127",2734,"USES",24451,26160,1.709
"1128",2736,"USES",223860,225509,1.649
"1129",2738,"USES",19653,21332,1.679
"1130",2740,"USES",15475,30529,15.054
"1131",2742,"USES",11249,13701,2.452
"1132",2744,"USES",73913,75871,1.958
"1133",2746,"USES",14269,16275,2.006
"1134",2748,"USES",5213,7134,1.921
"1135",2752,"USES",50266,53308,3.042
"1136",2754,"USES",57346,58835,1.489
"1137",2756,"USES",41970,43752,1.782
"1138",2758,"USES",73753,75270,1.517
"1139",2761,"USES",18384,22648,4.264
"1140",2763,"USES",9656,11369,1.713
"1141",2765,"USES",14504,16195,1.691
"1142",2768,"USES",8052,9945,1.893
"1143",2770,"USES",45629,47323,1.694
"1144",2772,"USES",10833,12226,1.393
"1145",2774,"USES",38185,40065,1.88
"1146",2776,"USES",102021,128754,26.733
"1147",2781,"USES",5953,9870,3.917
"1148",2784,"USES",33205,34657,1.452
"1149",2786,"USES",600801,602899,2.098
"1150",2788,"USES",8755,10137,1.382
"1151",2790,"USES",29780,31708,1.928
"1152",2792,"USES",17153,20523,3.37
"1153",2794,"USES",4900,6324,1.424
"1154",2796,"USES",20436,22287,1.851
"1155",2798,"USES",8257,10067,1.81
"1156",2800,"USES",32180,34046,1.866
"1157",2802,"USES",108530,110278,1.748
"1158",2804,"USES",15577,17349,1.772
"1159",2807,"USES",30672,33948,3.276
"1160",2809,"USES",72240,74749,2.509
"1161",2811,"USES",52598,54397,1.799
"1162",2814,"USES",7403,8958,1.555
"1163",2817,"USES",6396,8771,2.375
"1164",2820,"USES",28138,29608,1.47
"1165",2822,"USES",208744,212712,3.968
"1166",2824,"USES",12145,14083,1.938
"1167",2829,"USES",69182,70588,1.406
"1168",2831,"USES",4201,5785,1.584
"1169",2836,"USES",15026,16840,1.814
"1170",2841,"USES",17450,21252,3.802
"1171",2843,"USES",33891,37255,3.364
"1172",2847,"USES",23708,24944,1.236
"1173",2849,"USES",3851,6160,2.309
"1174",2851,"USES",4035,10550,6.515
"1175",2853,"USES",15097,16343,1.246
"1176",2855,"USES",5721,7697,1.976
"1177",2858,"USES",4189,6376,2.187
"1178",2862,"USES",8567,10929,2.362
"1179",2864,"USES",9306,11890,2.584
"1180",2869,"USES",275618,277394,1.776
"1181",2871,"USES",20852,22259,1.407
"1182",2873,"USES",35841,37204,1.363
"1183",2875,"USES",39223,43840,4.617
"1184",2877,"USES",10232,17532,7.3
"1185",2879,"USES",152777,155147,2.37
"1186",2882,"USES",38235,39614,1.379
"1187",2884,"USES",25060,26913,1.853
"1188",2886,"USES",7211,8712,1.501
"1189",2894,"USES",8588,10427,1.839
"1190",2896,"USES",134778,136259,1.481
"1191",2898,"USES",120554,122022,1.468
"1192",2900,"USES",132293,133590,1.297
"1193",2902,"USES",5990,18063,12.073
"1194",2904,"USES",46046,49756,3.71
"1195",2906,"USES",493757,495997,2.24
"1196",2908,"USES",25294,26917,1.623
"1197",2911,"USES",11425,13271,1.846
"1198",2913,"USES",29787,31059,1.272
"1199",2915,"USES",8300,9857,1.557
"1200",2917,"USES",15486,17992,2.506
"1201",2919,"USES",153833,155216,1.383
"1202",2923,"USES",91680,93461,1.781
"1203",2929,"USES",2777,4430,1.653
"1204",2931,"USES",60954,62418,1.464
"1205",2934,"USES",98772,100585,1.813
"1206",2936,"USES",5333,7059,1.726
"1207",2938,"USES",151788,154051,2.263
"1208",2940,"USES",53865,55626,1.761
"1209",2945,"USES",6158,9729,3.571
"1210",2947,"USES",221949,223432,1.483
"1211",2949,"USES",6630,8286,1.656
"1212",2951,"USES",11255,13249,1.994
"1213",2955,"USES",100887,102351,1.464
"1214",2957,"USES",9348,11851,2.503
"1215",2959,"USES",15361,16628,1.267
"1216",2963,"USES",44090,45908,1.818
"1217",2966,"USES",3734,5402,1.668
"1218",2969,"USES",4061,5852,1.791
"1219",2971,"USES",37489,39989,2.5
"1220",2973,"USES",6222,7693,1.471
"1221",2975,"USES",76943,78297,1.354
"1222",2977,"USES",37901,39791,1.89
"1223",2979,"USES",65179,67128,1.949
"1224",2981,"USES",481316,484452,3.136
"1225",2983,"USES",5968,8414,2.446
"1226",2986,"USES",14055,16181,2.126
"1227",2988,"USES",87446,88869,1.423
"1228",2990,"USES",122419,124209,1.79
"1229",2992,"USES",7813,9220,1.407
"1230",2994,"USES",22544,26304,3.76
"1231",2996,"USES",139073,142009,2.936
"1232",2998,"USES",6555,8833,2.278
"1233",3000,"USES",17818,20469,2.651
"1234",3003,"USES",48105,49528,1.423
"1235",3005,"USES",7687,9412,1.725
"1236",3007,"USES",7115,8491,1.376
"1237",3009,"USES",279083,280921,1.838
"1238",3011,"USES",22959,24681,1.722
"1239",3015,"USES",17316,18871,1.555
"1240",3017,"USES",41698,44246,2.548
"1241",3021,"USES",195218,196497,1.279
"1242",3023,"USES",125893,128415,2.522
"1243",3025,"USES",20415,21905,1.49
"1244",3028,"USES",92870,98659,5.789
"1245",3030,"USES",37721,39394,1.673
"1246",3032,"USES",24111,25504,1.393
"1247",3034,"USES",45620,47188,1.568
"1248",3040,"USES",123067,124416,1.349
"1249",3042,"USES",32507,34145,1.638
"1250",3044,"USES",94981,96261,1.28
"1251",3046,"USES",16295,17568,1.273
"1252",3048,"USES",58747,60134,1.387
"1253",3050,"USES",10258,12023,1.765
"1254",3052,"USES",279957,283391,3.434
"1255",3055,"USES",42447,44936,2.489
"1256",3057,"USES",128724,130690,1.966
"1257",3060,"USES",57380,58915,1.535
"1258",3062,"USES",11097,12993,1.896
"1259",3064,"USES",7501,9408,1.907
"1260",3067,"USES",16196,17785,1.589
"1261",3069,"USES",96893,98789,1.896
"1262",3071,"USES",23841,25823,1.982
"1263",3074,"USES",7564,9515,1.951
"1264",3078,"USES",7970,9428,1.458
"1265",3082,"USES",3800,5667,1.867
"1266",3084,"USES",131645,134559,2.914
"1267",3087,"USES",91718,94525,2.807
"1268",3089,"USES",130265,133982,3.717
"1269",3092,"USES",91024,92326,1.302
"1270",3096,"USES",44202,45831,1.629
"1271",3098,"USES",52053,53869,1.816
"1272",3100,"USES",12356,13987,1.631
"1273",3103,"USES",64255,67336,3.081
"1274",3109,"USES",189126,191090,1.964
"1275",3111,"USES",4919,6433,1.514
"1276",3113,"USES",15248,17114,1.866
"1277",3116,"USES",8367,10110,1.743
"1278",3119,"USES",48350,54372,6.022
"1279",3121,"USES",166194,168591,2.397
"1280",3123,"USES",88888,90985,2.097
"1281",3125,"USES",20615,22130,1.515
"1282",3127,"USES",22552,26088,3.536
"1283",3131,"USES",7833,9830,1.997
"1284",3133,"USES",6806,9100,2.294
"1285",3135,"USES",32317,33690,1.373
"1286",3137,"USES",36449,40201,3.752
"1287",3140,"USES",142787,144379,1.592
"1288",3142,"USES",6041,9551,3.51
"1289",3144,"USES",78569,80033,1.464
"1290",3147,"USES",11631,13283,1.652
"1291",3149,"USES",11178,12826,1.648
"1292",3153,"USES",31750,33802,2.052
"1293",3155,"USES",179943,181726,1.783
"1294",3159,"USES",46002,47618,1.616
"1295",3161,"USES",16505,18362,1.857
"1296",3164,"USES",8417,9903,1.486
"1297",3166,"USES",13594,15582,1.988
"1298",3168,"USES",6283,8168,1.885
"1299",3170,"USES",4026,14198,10.172
"1300",3172,"USES",4254,5542,1.288
"1301",3174,"USES",15890,21620,5.73
"1302",3177,"USES",7026,8794,1.768
"1303",3179,"USES",90028,93941,3.913
"1304",3182,"USES",15039,16599,1.56
"1305",3184,"USES",24368,26109,1.741
"1306",3186,"USES",94162,100263,6.101
"1307",3188,"USES",16974,20376,3.402
"1308",3192,"USES",70817,72805,1.988
"1309",3194,"USES",16876,19557,2.681
"1310",3197,"USES",7289,9378,2.089
"1311",3199,"USES",103395,105011,1.616
"1312",3201,"USES",98501,99830,1.329
"1313",3203,"USES",398569,400276,1.707
"1314",3205,"USES",112346,115155,2.809
"1315",3208,"USES",116402,118281,1.879
"1316",3210,"USES",8621,10555,1.934
"1317",3212,"USES",9318,11254,1.936
"1318",3214,"USES",121180,123168,1.988
"1319",3216,"USES",93688,96814,3.126
"1320",3218,"USES",37599,39674,2.075
"1321",3220,"USES",36484,38090,1.606
"1322",3222,"USES",9975,11471,1.496
"1323",3224,"USES",145411,147028,1.617
"1324",3228,"USES",57984,59536,1.552
"1325",3230,"USES",19171,20376,1.205
"1326",3232,"USES",67577,69369,1.792
"1327",3234,"USES",50740,52105,1.365
"1328",3236,"USES",52508,53979,1.471
"1329",3238,"USES",9237,12623,3.386
"1330",3240,"USES",6423,8619,2.196
"1331",3242,"USES",53450,55710,2.26
"1332",3244,"USES",110541,112657,2.116
"1333",3248,"USES",7097,8927,1.83
"1334",3250,"USES",10710,12491,1.781
"1335",3253,"USES",61334,63099,1.765
"1336",3255,"USES",102938,105198,2.26
"1337",3258,"USES",5571,7272,1.701
"1338",3262,"USES",93643,95086,1.443
"1339",3264,"USES",24017,25926,1.909
"1340",3266,"USES",13497,15139,1.642
"1341",3269,"USES",4331,5654,1.323
"1342",3271,"USES",15368,17035,1.667
"1343",3273,"USES",68718,70380,1.662
"1344",3276,"USES",20453,22230,1.777
"1345",3278,"USES",177258,179154,1.896
"1346",3280,"USES",5035,7539,2.504
"1347",3283,"USES",211426,213134,1.708
"1348",3286,"USES",130714,132810,2.096
"1349",3289,"USES",16519,19115,2.596
"1350",3291,"USES",54234,56545,2.311
"1351",3293,"USES",7889,9639,1.75
"1352",3295,"USES",7345,9164,1.819
"1353",3297,"USES",72237,73685,1.448
"1354",3299,"USES",7724,9965,2.241
"1355",3304,"USES",27007,28516,1.509
"1356",3306,"USES",11595,13789,2.194
"1357",3308,"USES",37957,39592,1.635
"1358",3310,"USES",24063,26047,1.984
"1359",3312,"USES",100234,101554,1.32
"1360",3315,"USES",4253,5810,1.557
"1361",3318,"USES",5172,9649,4.477
"1362",3320,"USES",8610,10748,2.138
"1363",3323,"USES",6298,7729,1.431
"1364",3332,"USES",5765,7798,2.033
"1365",3334,"USES",130673,133344,2.671
"1366",3336,"USES",103066,104988,1.922
"1367",3338,"USES",18049,19832,1.783
"1368",3340,"USES",15787,18150,2.363
"1369",3343,"USES",60047,61494,1.447
"1370",3345,"USES",5748,9584,3.836
"1371",3347,"USES",327223,328782,1.559
"1372",3349,"USES",9096,10639,1.543
"1373",3351,"USES",16594,17995,1.401
"1374",3353,"USES",18155,19460,1.305
"1375",3355,"USES",54438,55595,1.157
"1376",3359,"USES",35039,36261,1.222
"1377",3361,"USES",45932,47635,1.703
"1378",3364,"USES",67740,69650,1.91
"1379",3366,"USES",89186,90480,1.294
"1380",3368,"USES",11798,13140,1.342
"1381",3371,"USES",62947,64266,1.319
"1382",3373,"USES",58136,59699,1.563
"1383",3375,"USES",121037,122564,1.527
"1384",3377,"USES",98064,99682,1.618
"1385",3379,"USES",28990,31395,2.405
"1386",3381,"USES",71863,73454,1.591
"1387",3383,"USES",26177,27616,1.439
"1388",3387,"USES",13044,14937,1.893
"1389",3389,"USES",17978,19642,1.664
"1390",3391,"USES",610275,611890,1.615
"1391",3396,"USES",32911,34301,1.39
"1392",3398,"USES",30589,31877,1.288
"1393",3400,"USES",20215,21916,1.701
"1394",3402,"USES",41263,42985,1.722
"1395",3405,"USES",12408,13835,1.427
"1396",3407,"USES",5482,7298,1.816
"1397",3413,"USES",26340,28478,2.138
"1398",3418,"USES",9460,11248,1.788
"1399",3421,"USES",8862,12873,4.011
"1400",3424,"USES",600877,610239,9.362
"1401",3426,"USES",5780,7245,1.465
"1402",3428,"USES",130665,132068,1.403
"1403",3430,"USES",5056,7021,1.965
"1404",3433,"USES",5276,12351,7.075
"1405",3442,"USES",13875,15724,1.849
"1406",3444,"USES",38203,40334,2.131
"1407",3447,"USES",54581,75455,20.874
"1408",3451,"USES",3973,5952,1.979
"1409",3457,"USES",83923,85389,1.466
"1410",3459,"USES",123997,125341,1.344
"1411",3463,"USES",27192,44226,17.034
"1412",3465,"USES",8280,9764,1.484
"1413",3468,"USES",23388,30244,6.856
"1414",3470,"USES",17989,19647,1.658
"1415",3473,"USES",7165,8981,1.816
"1416",3478,"USES",38931,41497,2.566
"1417",3480,"USES",9304,29227,19.923
"1418",3484,"USES",36558,37812,1.254
"1419",3486,"USES",11176,12519,1.343
"1420",3488,"USES",26459,28585,2.126
"1421",3490,"USES",10764,11858,1.094
"1422",3493,"USES",8534,10347,1.813
"1423",3495,"USES",46489,47683,1.194
"1424",3497,"USES",98066,99843,1.777
"1425",3499,"USES",14037,15637,1.6
"1426",3501,"USES",164126,165520,1.394
"1427",3504,"USES",152156,154497,2.341
"1428",3506,"USES",33014,34912,1.898
"1429",3508,"USES",21758,23507,1.749
"1430",3510,"USES",3844,6580,2.736
"1431",3513,"USES",112214,114195,1.981
"1432",3516,"USES",7513,9659,2.146
"1433",3521,"USES",88879,90522,1.643
"1434",3525,"USES",224301,226382,2.081
"1435",3527,"USES",8928,10383,1.455
"1436",3529,"USES",22625,24112,1.487
"1437",3531,"USES",61378,63532,2.154
"1438",3533,"USES",41179,44918,3.739
"1439",3535,"USES",96616,97992,1.376
"1440",3540,"USES",6742,10685,3.943
"1441",3542,"USES",4417,6084,1.667
"1442",3544,"USES",55624,57447,1.823
"1443",3546,"USES",108945,110843,1.898
"1444",3548,"USES",315924,317602,1.678
"1445",3551,"USES",69478,71155,1.677
"1446",3553,"USES",3100,4721,1.621
"1447",3557,"USES",47946,49456,1.51
"1448",3559,"USES",21153,22689,1.536
"1449",3563,"USES",17900,19643,1.743
"1450",3565,"USES",43584,45093,1.509
"1451",3569,"USES",32649,34260,1.611
"1452",3571,"USES",6299,7812,1.513
"1453",3573,"USES",8937,10355,1.418
"1454",3576,"USES",12573,15988,3.415
"1455",3578,"USES",33869,41424,7.555
"1456",3581,"USES",10826,12376,1.55
"1457",3584,"USES",10873,12038,1.165
"1458",3587,"USES",13533,14770,1.237
"1459",3591,"USES",40148,41620,1.472
"1460",3594,"USES",163767,167593,3.826
"1461",3596,"USES",27747,30855,3.108
"1462",3601,"USES",109299,111073,1.774
"1463",3603,"USES",29542,31087,1.545
"1464",3605,"USES",28796,30344,1.548
"1465",3607,"USES",6887,9445,2.558
"1466",3609,"USES",71526,74433,2.907
"1467",3611,"USES",488089,490025,1.936
"1468",3613,"USES",13840,16093,2.253
"1469",3615,"USES",11587,14126,2.539
"1470",3618,"USES",42147,43849,1.702
"1471",3627,"USES",74300,76411,2.111
"1472",3629,"USES",45490,47840,2.35
"1473",3632,"USES",85935,88156,2.221
"1474",3634,"USES",7719,9266,1.547
"1475",3637,"USES",17679,19719,2.04
"1476",3639,"USES",11295,14254,2.959
"1477",3641,"USES",38950,40347,1.397
"1478",3643,"USES",45587,49241,3.654
"1479",3645,"USES",150333,152442,2.109
"1480",3647,"USES",7117,9813,2.696
"1481",3649,"USES",5704,7678,1.974
"1482",3651,"USES",35733,37873,2.14
"1483",3653,"USES",110955,113165,2.21
"1484",3658,"USES",179960,181445,1.485
"1485",3660,"USES",143846,145818,1.972
"1486",3663,"USES",4103,5693,1.59
"1487",3665,"USES",9144,11085,1.941
"1488",3667,"USES",324670,326321,1.651
"1489",3669,"USES",111758,113497,1.739
"1490",3671,"USES",7914,23495,15.581
"1491",3673,"USES",6357,10184,3.827
"1492",3676,"USES",6216,9043,2.827
"1493",3680,"USES",18820,21159,2.339
"1494",3683,"USES",17119,19464,2.345
"1495",3685,"USES",568075,569401,1.326
"1496",3687,"USES",112680,114241,1.561
"1497",3689,"USES",68328,71258,2.93
"1498",3692,"USES",11288,13161,1.873
"1499",3697,"USES",15088,16960,1.872
"1500",3699,"USES",10772,12308,1.536
"1501",3701,"USES",48801,50251,1.45
"1502",3703,"USES",56668,58011,1.343
"1503",3707,"USES",13012,14769,1.757
"1504",3709,"USES",4997,7037,2.04
"1505",3711,"USES",13094,14618,1.524
"1506",3713,"USES",65301,66696,1.395
"1507",3715,"USES",8574,10017,1.443
"1508",3718,"USES",40997,43228,2.231
"1509",3720,"USES",26180,27590,1.41
"1510",3722,"USES",20336,21969,1.633
"1511",3724,"USES",221236,223021,1.785
"1512",3726,"USES",150949,152433,1.484
"1513",3728,"USES",159842,161266,1.424
"1514",3730,"USES",31834,33397,1.563
"1515",3732,"USES",63380,65689,2.309
"1516",3735,"USES",55679,57581,1.902
"1517",3737,"USES",7286,9822,2.536
"1518",3741,"USES",30214,31885,1.671
"1519",3744,"USES",25633,28638,3.005
"1520",3746,"USES",42985,44390,1.405
"1521",3748,"USES",16374,18687,2.313
"1522",3751,"USES",9952,12121,2.169
"1523",3755,"USES",20896,22981,2.085
"1524",3758,"USES",45091,48665,3.574
"1525",3760,"USES",150398,154658,4.26
"1526",3762,"USES",36013,37673,1.66
"1527",3764,"USES",6252,8368,2.116
"1528",3767,"USES",124933,126503,1.57
"1529",3770,"USES",91638,96658,5.02
"1530",3774,"USES",9913,11643,1.73
"1531",3777,"USES",9420,11992,2.572
"1532",3779,"USES",27975,29607,1.632
"1533",3781,"USES",4195,5584,1.389
"1534",3783,"USES",24745,26475,1.73
"1535",3785,"USES",32615,35698,3.083
"1536",3788,"USES",6045,8249,2.204
"1537",3790,"USES",5761,9000,3.239
"1538",3794,"USES",25936,28653,2.717
"1539",3798,"USES",27475,45466,17.991
"1540",3800,"USES",10361,13170,2.809
"1541",3802,"USES",5982,10611,4.629
"1542",3805,"USES",28958,30741,1.783
"1543",3807,"USES",162496,163992,1.496
"1544",3809,"USES",22416,23801,1.385
"1545",3812,"USES",140184,142227,2.043
"1546",3814,"USES",111765,113615,1.85
"1547",3817,"USES",56367,58114,1.747
"1548",3819,"USES",211582,213984,2.402
"1549",3822,"USES",44362,46861,2.499
"1550",3825,"USES",4333,8402,4.069
"1551",3827,"USES",4988,6302,1.314
"1552",3829,"USES",30379,31917,1.538
"1553",3831,"USES",216060,217910,1.85
"1554",3833,"USES",16515,17903,1.388
"1555",3835,"USES",92950,94289,1.339
"1556",3838,"USES",112083,113599,1.516
"1557",3840,"USES",14196,15575,1.379
"1558",3843,"USES",9601,11509,1.908
"1559",3845,"USES",102736,104340,1.604
"1560",3850,"USES",170469,172672,2.203
"1561",3853,"USES",7554,9111,1.557
"1562",3855,"USES",22738,25135,2.397
"1563",3858,"USES",4286,5757,1.471
"1564",3860,"USES",14493,16036,1.543
"1565",3864,"USES",245807,247137,1.33
"1566",3866,"USES",276497,277912,1.415
"1567",3868,"USES",172088,173410,1.322
"1568",3870,"USES",101227,103382,2.155
"1569",3872,"USES",236271,238641,2.37
"1570",3874,"USES",38816,40438,1.622
"1571",3876,"USES",13605,15297,1.692
"1572",3879,"USES",12037,15860,3.823
"1573",3881,"USES",60580,62155,1.575
"1574",3884,"USES",7389,8973,1.584
"1575",3889,"USES",103252,104943,1.691
"1576",3891,"USES",5063,6951,1.888
"1577",3894,"USES",14827,16174,1.347
"1578",3898,"USES",8363,10399,2.036
"1579",3901,"USES",7204,10413,3.209
"1580",3904,"USES",34518,41175,6.657
"1581",3906,"USES",8259,9763,1.504
"1582",3908,"USES",364205,366372,2.167
"1583",3910,"USES",24353,27418,3.065
"1584",3913,"USES",7518,10137,2.619
"1585",3918,"USES",28921,31958,3.037
"1586",3921,"USES",96105,106547,10.442
"1587",3923,"USES",31619,33958,2.339
"1588",3926,"USES",4487,6066,1.579
"1589",3930,"USES",113081,114747,1.666
"1590",3932,"USES",103781,105219,1.438
"1591",3934,"USES",10952,12401,1.449
"1592",3936,"USES",39286,41668,2.382
"1593",3939,"USES",13893,15398,1.505
"1594",3941,"USES",5299,6917,1.618
"1595",3943,"USES",134160,135590,1.43
"1596",3946,"USES",17073,18429,1.356
"1597",3948,"USES",3613,5226,1.613
"1598",3951,"USES",8942,10026,1.084
"1599",3953,"USES",33342,35756,2.414
"1600",3955,"USES",64053,65326,1.273
"1601",3957,"USES",47321,48886,1.565
"1602",3959,"USES",127481,141389,13.908
"1603",3961,"USES",61058,62900,1.842
"1604",3963,"USES",11231,13362,2.131
